count,freq,cdr3nt,cdr3aa,v,d,j,VEnd,DStart,DEnd,JStart
1,1.23411082315192e-05,TGCAGCGTTGAAGGGGGGATGACCTACAATGAGCAGTTCTTC,CSVEGGMTYNEQFF,TRBV29-1,TRBD1,TRBJ2-1,13,,2.0,22
1,1.23411082315192e-05,TGCAGTGCTACCCCCAGTTCCCTCCTCGTCTCCGAGCAGTACTTC,CSATPSSLLVSEQYF,TRBV20-1,TRBD2,TRBJ2-7,10,6.0,,32
1,1.23411082315192e-05,TGCAGTGCTAGCGGTCAGGGGCCTCAGCCCCAGCATTTT,CSASGQGPQPQHF,TRBV20-1,TRBD1,TRBJ1-5,11,,2.0,23
1,1.23411082315192e-05,TGCAGTGCTAGGGGGGCTTACGAGCAGTACTTC,CSARGAYEQYF,TRBV20-1,TRBD1,TRBJ2-7,11,,2.0,18
1,1.23411082315192e-05,TGCAGTGCTAGGTTACAGGGTGGTCAGCCCCAGCATTTT,CSARLQGGQPQHF,TRBV20-1,TRBD1,"TRBJ1-5, TRBJ1-2",11,,2.0,23
1,1.23411082315192e-05,TGCGCCAGCAGCCAAGATAAGGTCTCTGGGGCCAACGTCCTGACTTTC,CASSQDKVSGANVLTF,"TRBV4-1, TRBV4-3",,TRBJ2-6,18,,,23
1,1.23411082315192e-05,TGCGCCAGCAGCCAAGGGCCCGGGACGATTAGCACAGATACGCAGTATTTT,CASSQGPGTISTDTQYF,"TRBV4-3, TRBV4-2","TRBD1, TRBD2",TRBJ2-3,16,1.0,7.0,29
1,1.23411082315192e-05,TGCGCCAGCAGCCCGGGAGATCGGTTCTACGAGCAGTACTTC,CASSPGDRFYEQYF,TRBV5-1,"TRBD1, TRBD2",TRBJ2-7,12,,1.0,26
1,1.23411082315192e-05,TGCGCCAGCAGCTCCGGACAGGGGGCGTTGGGCTACACCTTC,CASSSGQGALGYTF,TRBV5-1,TRBD1,TRBJ1-2,13,,2.0,30
1,1.23411082315192e-05,TGCGCCAGCAGCTTCCGACAGGGGGCATATCCTGAAGCTTTCTTT,CASSFRQGAYPEAFF,TRBV5-1,TRBD1,TRBJ1-1,14,,2.0,31
1,1.23411082315192e-05,TGCGCCAGCAGCTTGCCCCAGGGGCAGGGCTATGGCTACACCTTC,CASSLPQGQGYGYTF,TRBV5-1,TRBD1,TRBJ1-2,15,,2.0,29
1,1.23411082315192e-05,TGCGCCAGCAGGGCGGGACAGGGGGCCACTGAAGCTTTCTTT,CASRAGQGATEAFF,TRBV5-1,TRBD1,TRBJ1-1,11,,2.0,26
1,1.23411082315192e-05,TGCGCCAGCAGTGTGGTAGAGACCCAGTACTTC,CASSVVETQYF,TRBV10-2,,TRBJ2-5,13,,,17
1,1.23411082315192e-05,TGCGCCAGTAAGGACAGGCATCGATCCGTGAACACTGAAGCTTTCTTT,CASKDRHRSVNTEAFF,TRBV23-1,TRBD1,TRBJ1-1,8,,2.0,28
1,1.23411082315192e-05,TGTGCCACCAGCAGAGATCACGGCGGGGCCTTAAGGAGAGAGACCCAGTACTTC,CATSRDHGGALRRETQYF,TRBV15,"TRBD1, TRBD2",TRBJ2-7,19,,2.0,45
1,1.23411082315192e-05,TGTGCCACCAGCAGAGATGTGGTTGGGGACTACAATCAGCCCCAGCATTTT,CATSRDVVGDYNQPQHF,TRBV15,TRBD2,TRBJ1-5,18,,2.0,32
1,1.23411082315192e-05,TGTGCCACCAGTAAAGGGGGAAACACCGGGGAGCTGTTTTTT,CATSKGGNTGELFF,TRBV24-1,TRBD1,TRBJ2-2,12,,2.0,21
1,1.23411082315192e-05,TGTGCCACCTGGACGGGAGATAGCAATCAGCCCCAGCATTTT,CATWTGDSNQPQHF,TRBV24-1,TRBD2,TRBJ1-5,9,,3.0,19
1,1.23411082315192e-05,TGTGCCACTCACGACGACAGGGACCCACCCTACGAGCAGTACTTC,CATHDDRDPPYEQYF,TRBV15,TRBD1,TRBJ2-7,8,,2.0,28
1,1.23411082315192e-05,TGTGCCAGCACGACAGGGGTGAACTCTGGAAACACCATATATTTT,CASTTGVNSGNTIYF,TRBV2,TRBD1,TRBJ1-3,10,,2.0,23
1,1.23411082315192e-05,TGTGCCAGCAGAACCGGGACGCTAAATTCACCCCTCCACTTT,CASRTGTLNSPLHF,"TRBV6-2, TRBV6-3, TRBV6-4, TRBV6-5, TRBV6-6","TRBD1, TRBD2",TRBJ1-6,11,,1.0,24
1,1.23411082315192e-05,TGTGCCAGCAGCAACCCCCGGACAGGAGGATCGGGGGAGCAGTACTTC,CASSNPRTGGSGEQYF,"TRBV6-2, TRBV6-3, TRBV6-1, TRBV6-5, TRBV6-6",TRBD1,TRBJ2-7,11,2.0,0.0,36
1,1.23411082315192e-05,TGTGCCAGCAGCCAAGAGGGACAGGGGGACTATGACTACACCTTC,CASSQEGQGDYDYTF,"TRBV4-2, TRBV4-3",TRBD1,TRBJ1-2,17,,2.0,28
1,1.23411082315192e-05,TGTGCCAGCAGCCACGGGAGGCACACAGATACGCAGTATTTT,CASSHGRHTDTQYF,TRBV14,TRBD2,TRBJ2-3,14,,3.0,23
1,1.23411082315192e-05,TGTGCCAGCAGCCATGGATCGGTCGGGGAGCTGTTTTTT,CASSHGSVGELFF,TRBV11-2,,TRBJ2-2,12,,,23
1,1.23411082315192e-05,TGTGCCAGCAGCCTTTGGGGGGCTGTCAATGAGCAGTTCTTC,CASSLWGAVNEQFF,TRBV11-2,TRBD1,TRBJ2-1,12,,2.0,26
1,1.23411082315192e-05,TGTGCCAGCAGCGTAGCAAGCGGAGTAGCCAGAAACATTCAGTACTTC,CASSVASGVARNIQYF,TRBV9,TRBD2,TRBJ2-4,17,,2.0,25
1,1.23411082315192e-05,TGTGCCAGCAGCTCCCCGGAAGAGCAGTACTTC,CASSSPEEQYF,"TRBV7-9, TRBV7-6","TRBD1, TRBD2",TRBJ2-1,13,1.0,4.0,21
1,1.23411082315192e-05,TGTGCCAGCAGCTCCCCGGAAGAGCAGTACTTC,CASSSPEEQYF,"TRBV7-9, TRBV7-6","TRBD1, TRBD2",TRBJ2-5,13,1.0,4.0,24
1,1.23411082315192e-05,TGTGCCAGCAGCTGGAGGACAGGACGGAACACCGGGGAGCTGTTTTTT,CASSWRTGRNTGELFF,"TRBV5-4, TRBV5-8",TRBD1,TRBJ2-2,13,,2.0,26
1,1.23411082315192e-05,TGTGCCAGCAGCTTAAAACAAGATACGCAGTATTTT,CASSLKQDTQYF,"TRBV7-2, TRBV7-8",,TRBJ2-3,15,,,20
1,1.23411082315192e-05,TGTGCCAGCAGCTTAAATATGCTTTATACCACAGATACGCAGTATTTT,CASSLNMLYTTDTQYF,"TRBV7-2, TRBV7-8",,TRBJ2-3,15,,,29
1,1.23411082315192e-05,TGTGCCAGCAGCTTAGAACTCCCCCCGGGGGAGACCCAGTACTTC,CASSLELPPGETQYF,"TRBV7-2, TRBV7-8","TRBD1, TRBD2",TRBJ2-5,16,1.0,5.0,30
1,1.23411082315192e-05,TGTGCCAGCAGCTTAGAGGGTCTCGGGGAGCTGTTTTTT,CASSLEGLGELFF,"TRBV11-1, TRBV11-3",,TRBJ2-2,16,,,23
1,1.23411082315192e-05,TGTGCCAGCAGCTTAGGCGTAGCGATGGAAGAGACCCAGTACTTC,CASSLGVAMEETQYF,"TRBV11-3, TRBV11-1",TRBD2,TRBJ2-5,16,,2.0,28
1,1.23411082315192e-05,TGTGCCAGCAGCTTAGGGTCCGGACAGGGGCACTATGGCTACACCTTC,CASSLGSGQGHYGYTF,TRBV11-2,TRBD1,TRBJ1-2,16,,2.0,31
1,1.23411082315192e-05,TGTGCCAGCAGCTTATCCCTAGGGGAACGTTCACCCCTCCACTTT,CASSLSLGERSPLHF,TRBV11-2,TRBD1,TRBJ1-6,15,,2.0,29
1,1.23411082315192e-05,TGTGCCAGCAGCTTCGACTACCCCGGGGAGCTGTTTTTT,CASSFDYPGELFF,"TRBV7-8, TRBV7-2",TRBD2,TRBJ2-2,14,,2.0,22
1,1.23411082315192e-05,TGTGCCAGCAGCTTGGGGACAGTTCAGAATTCACCCCTCCACTTT,CASSLGTVQNSPLHF,TRBV11-2,TRBD1,TRBJ1-6,14,,1.0,27
1,1.23411082315192e-05,TGTGCCAGCAGGGGTAGCGGGGGGAACTACGAGCAGTACTTC,CASRGSGGNYEQYF,TRBV27,TRBD2,TRBJ2-7,11,,2.0,26
1,1.23411082315192e-05,TGTGCCAGCAGTGAAGGCGGGACAGGGGGCCAAGAGACCCAGTACTTC,CASSEGGTGGQETQYF,"TRBV6-1, TRBV6-5, TRBV6-6",TRBD1,TRBJ2-7,16,,2.0,39
1,1.23411082315192e-05,TGTGCCAGCAGTTACCGGGGCTACACTGAAGCTTTCTTT,CASSYRGYTEAFF,TRBV27,"TRBD1, TRBD2",TRBJ1-1,13,,1.0,22
1,1.23411082315192e-05,TGTGCCAGCAGTTACTCGAGATTTCGAGGGGCGTTCACAGATACGCAGTATTTT,CASSYSRFRGAFTDTQYF,"TRBV6-5, TRBV6-6, TRBV6-2, TRBV6-3, TRBV6-8",TRBD1,TRBJ2-3,20,,2.0,35
1,1.23411082315192e-05,TGTGCCAGCAGTTACTCTCGAACTGGGACAGGAAACAATCAGCCCCAGCATTTT,CASSYSRTGTGNNQPQHF,"TRBV6-5, TRBV6-6, TRBV6-2, TRBV6-3, TRBV6-8",TRBD1,TRBJ1-5,17,,2.0,35
1,1.23411082315192e-05,TGTGCCAGCAGTTTAGGCGGGCAGCGAAACACTGAAGCTTTCTTT,CASSLGGQRNTEAFF,"TRBV12-3, TRBV12-4",TRBD2,TRBJ1-1,16,,2.0,27
1,1.23411082315192e-05,TGTGCCAGCAGTTTATCGAGACGCCACGAGCAGTACTTC,CASSLSRRHEQYF,TRBV27,,TRBJ2-5,19,,,30
1,1.23411082315192e-05,TGTGCCAGCAGTTTATGGGCTGGGGCAGGGGGCGCGTATGGGGCCAACGTCCTGACTTTC,CASSLWAGAGGAYGANVLTF,TRBV28,TRBD1,TRBJ2-6,17,,2.0,38
1,1.23411082315192e-05,TGTGCCAGCAGTTTCGGGGGGGCGAGAGGTGAAGCTTTCTTT,CASSFGGARGEAFF,"TRBV12-3, TRBV12-4",TRBD1,TRBJ1-1,14,,2.0,29
1,1.23411082315192e-05,TGTGCCAGCATTGGGCCCTCTGGAAACACCATATATTTT,CASIGPSGNTIYF,"TRBV6-1, TRBV6-5, TRBV6-6, TRBV6-3, TRBV6-8",TRBD2,TRBJ1-3,10,,3.0,17
1,1.23411082315192e-05,TGTGCCAGCGGACGGGACATTCACACTGAGGCTTTCTTT,CASGRDIHTEAFF,"TRBV5-4, TRBV5-8","TRBD1, TRBD2",TRBJ1-1,9,,1.0,22
1,1.23411082315192e-05,TGTGCCAGCTCACCACCGTTCGCGGGGGCGCAGGAGCAGTACTTC,CASSPPFAGAQEQYF,TRBV18,TRBD1,TRBJ2-7,18,,2.0,33
1,1.23411082315192e-05,TGTGCCAGTAATTACGCCGGGACGAACCAAGAGACCCAGTACTTC,CASNYAGTNQETQYF,"TRBV6-2, TRBV6-3","TRBD1, TRBD2",TRBJ2-5,15,,1.0,25
1,1.23411082315192e-05,TGTGCCAGTAGAGTTCGGGACTCTGGGGCCAACGTCCTGACTTTC,CASRVRDSGANVLTF,TRBV19,"TRBD1, TRBD2",TRBJ2-6,11,,1.0,20
1,1.23411082315192e-05,TGTGCCAGTAGCTTTGGCTGGGATACGCAGTATTTT,CASSFGWDTQYF,TRBV19,,TRBJ2-3,11,,,21
1,1.23411082315192e-05,TGTGCCATCAGTGAGTCGGAGGGAGGGAGCACAGATACGCAGTATTTT,CAISESEGGSTDTQYF,TRBV10-3,TRBD2,TRBJ2-3,18,,3.0,27
1,1.23411082315192e-05,TGTGCCGGCAGCAGAAAAAAAGAGACCCAGTACTTC,CAGSRKKETQYF,"TRBV6-1, TRBV6-5, TRBV6-6, TRBV6-3, TRBV6-8",,TRBJ2-5,11,,,19
2,2.46822164630384e-05,TGCACCAACAGCTACACAGATACGCAGTATTTT,CTNSYTDTQYF,TRBV5-1,,TRBJ2-3,13,,,14
2,2.46822164630384e-05,TGCGCCAGCAGCTTGAGCGGGGGTTCCTACGAGCAGTACTTC,CASSLSGGSYEQYF,TRBV5-1,TRBD2,TRBJ2-7,15,,2.0,24
2,2.46822164630384e-05,TGTGCCAGCACCCGGACAGGGGTGACCTACGAGCAGTACTTC,CASTRTGVTYEQYF,TRBV2,TRBD1,TRBJ2-7,10,,2.0,25
2,2.46822164630384e-05,TGTGCCAGCAGCCGCGACTTTTATCGACAGGGGGCCGAGGAGACCCAGTACTTC,CASSRDFYRQGAEETQYF,TRBV11-2,TRBD1,TRBJ2-5,12,,2.0,39
2,2.46822164630384e-05,TGTGCCAGCAGCCGGACTAGCTACGATACGCAGTATTTT,CASSRTSYDTQYF,TRBV2,TRBD2,TRBJ2-3,11,,2.0,24
2,2.46822164630384e-05,TGTGCCAGCAGCGCAGGGGGCGGGGGGGGGAGCTACGAGCAGTACTTC,CASSAGGGGGSYEQYF,TRBV7-9,TRBD1,TRBJ2-7,12,,2.0,32
2,2.46822164630384e-05,TGTGCCAGCAGCGCAGGGGGCGGGGGGGGGGGGAGCTACGAGCAGTACTTC,CASSAGGGGGGSYEQYF,TRBV7-9,TRBD1,TRBJ2-7,12,,2.0,35
2,2.46822164630384e-05,TGTGCCAGCAGCTCCTCGAGGGGCTACGAGCAGTACTTC,CASSSSRGYEQYF,TRBV13,"TRBD1, TRBD2",TRBJ2-7,13,,2.0,23
2,2.46822164630384e-05,TGTGCCAGCAGCTTAAGGGGGCAGAGCCCGGATGGCTACACCTTC,CASSLRGQSPDGYTF,TRBV7-3,TRBD1,TRBJ1-2,16,,2.0,31
2,2.46822164630384e-05,TGTGCCAGCAGCTTAGAACAAGATACGCAGTATTTT,CASSLEQDTQYF,"TRBV7-2, TRBV7-8",,TRBJ2-3,16,,,20
2,2.46822164630384e-05,TGTGCCAGCAGCTTAGGCACAGGGGACGCGCTTGGCTACACCTTC,CASSLGTGDALGYTF,"TRBV5-4, TRBV5-8",TRBD1,TRBJ1-2,14,,2.0,32
2,2.46822164630384e-05,TGTGCCAGCAGTACGGTTTTTGAAGCTTTCTTT,CASSTVFEAFF,"TRBV6-1, TRBV6-5, TRBV6-6, TRBV6-8, TRBV6-9",,TRBJ1-1,12,,,20
2,2.46822164630384e-05,TGTGCCAGCAGTCCGGGACAGGCTTACGAGCAGTACTTC,CASSPGQAYEQYF,"TRBV6-1, TRBV6-5, TRBV6-6, TRBV6-8, TRBV6-9",TRBD1,TRBJ2-5,12,,2.0,30
2,2.46822164630384e-05,TGTGCCAGCAGTGACTTCCTGTCTGGGGCCTATCAGCCCCAGCATTTT,CASSDFLSGAYQPQHF,TRBV2,TRBD1,TRBJ1-5,14,1.0,0.0,31
2,2.46822164630384e-05,TGTGCCAGCTCACCATACGGTGTTTGGACTGAAGCTTTCTTT,CASSPYGVWTEAFF,TRBV18,,TRBJ1-1,15,,,27
2,2.46822164630384e-05,TGTGCCAGTAGTAGGGGCGGGACACTCACAGATACGCAGTATTTT,CASSRGGTLTDTQYF,TRBV19,"TRBD1, TRBD2",TRBJ2-3,13,,1.0,26
3,3.70233246945576e-05,TGTGCCAACCAGAGGAGGGCCCCTAACTATGGCTACACCTTC,CANQRRAPNYGYTF,TRBV2,TRBD2,TRBJ1-2,7,,3.0,22
3,3.70233246945576e-05,TGTGCCAGCAAGCCTAGCCTCTACAATGAGCAGTTCTTC,CASKPSLYNEQFF,TRBV2,TRBD2,TRBJ2-1,10,,2.0,20
3,3.70233246945576e-05,TGTGCCAGCACCTACGGGGGAGGCTACAATGAGCAGTTCTTC,CASTYGGGYNEQFF,TRBV2,TRBD2,TRBJ2-1,10,,3.0,23
3,3.70233246945576e-05,TGTGCCAGCAGCAGAAAAAAAGAGACCCAGTACTTC,CASSRKKETQYF,"TRBV6-1, TRBV6-5, TRBV6-6, TRBV6-3",,TRBJ2-5,11,,,19
3,3.70233246945576e-05,TGTGCCAGCAGCGGGCATATGATCACAGATACGCAGTATTTT,CASSGHMITDTQYF,"TRBV5-4, TRBV5-8",,TRBJ2-3,12,,,23
3,3.70233246945576e-05,TGTGCCAGCAGCGTAGCGGACACTGAAGCTTTCTTT,CASSVADTEAFF,TRBV9,,TRBJ1-1,17,,,19
3,3.70233246945576e-05,TGTGCCAGCAGCGTAGCGGGGACAGGGGGCTTCGACGAGCAGTACTTC,CASSVAGTGGFDEQYF,TRBV9,TRBD1,TRBJ2-7,17,,2.0,34
3,3.70233246945576e-05,TGTGCCAGCAGCTCCGGGACAGGGGGCGAGGCTGGCTACACCTTC,CASSSGTGGEAGYTF,"TRBV5-5, TRBV5-3, TRBV5-6, TRBV5-8",TRBD1,TRBJ1-2,13,,2.0,32
3,3.70233246945576e-05,TGTGCCAGCAGCTTATCGTTACGGGACAACACCGGGGAGCTGTTTTTT,CASSLSLRDNTGELFF,"TRBV7-6, TRBV7-7","TRBD1, TRBD2",TRBJ2-2,15,,1.0,27
3,3.70233246945576e-05,TGTGCCAGCAGTGAGAACGGCGTCAACGAGCAGTACTTC,CASSENGVNEQYF,TRBV2,,TRBJ2-7,14,,,25
3,3.70233246945576e-05,TGTGCCAGCAGTTTAGCGACAGGGGACGAGCAGTACTTC,CASSLATGDEQYF,"TRBV12-3, TRBV12-4",TRBD1,TRBJ2-7,18,,2.0,25
3,3.70233246945576e-05,TGTGCCAGCATGAGCGGGTACGAGCAGTACTTC,CASMSGYEQYF,"TRBV6-1, TRBV6-5, TRBV6-6, TRBV6-8, TRBV6-9",TRBD2,TRBJ2-5,10,,2.0,24
3,3.70233246945576e-05,TGTGCCAGTAGACTCAGGGGGGGCGACACTGAAGCTTTCTTT,CASRLRGGDTEAFF,TRBV19,TRBD1,TRBJ1-1,11,,2.0,25
3,3.70233246945576e-05,TGTGCCAGTAGTAGCTCTTCTTCCGGGGGCAATGGCTACACCTTC,CASSSSSSGGNGYTF,TRBV19,TRBD1,TRBJ1-2,13,,2.0,31
3,3.70233246945576e-05,TGTGCCAGTAGTATAGTAACAGGGGGCAATCAGCCCCAGCATTTT,CASSIVTGGNQPQHF,TRBV19,TRBD1,TRBJ1-5,16,,2.0,25
3,3.70233246945576e-05,TGTGTTAGCAGCCGTCCGGGACAGGGCGTTTATGGCTACACCTTC,CVSSRPGQGVYGYTF,"TRBV5-4, TRBV5-8",TRBD1,TRBJ1-2,12,,2.0,30
4,4.93644329260768e-05,TGCAGCGTCGTTCCGACAGCCACCTTGAACACTGAAGCTTTCTTT,CSVVPTATLNTEAFF,TRBV29-1,TRBD1,TRBJ1-1,8,,1.0,25
4,4.93644329260768e-05,TGCAGTGCTACGACGGGGGGCGCGACCTCCTACGAGCAGTACTTC,CSATTGGATSYEQYF,TRBV20-1,TRBD1,TRBJ2-7,10,,2.0,26
4,4.93644329260768e-05,TGCGCCAGCAGTGATTGGGACAGCAAGGGTTCCTACGAGCAGTACTTC,CASSDWDSKGSYEQYF,TRBV10-2,TRBD1,TRBJ2-7,14,,1.0,30
4,4.93644329260768e-05,TGCGCCAGCGACCCAGGGGACGGGACTGAAGCTTTCTTT,CASDPGDGTEAFF,TRBV5-1,TRBD1,TRBJ1-1,9,,2.0,24
4,4.93644329260768e-05,TGTGCCAGCAGCCCCGGGACAGGGGCCGACACTGAAGCTTTCTTT,CASSPGTGADTEAFF,TRBV28,TRBD1,TRBJ1-1,11,2.0,2.0,28
4,4.93644329260768e-05,TGTGCCAGCAGCCTCGGAACAGGGGGTAAGACCCAGTACTTC,CASSLGTGGKTQYF,"TRBV5-5, TRBV5-3, TRBV5-6, TRBV5-8",TRBD1,TRBJ2-5,12,,2.0,28
4,4.93644329260768e-05,TGTGCCAGCAGTCCCATCTATACGACAGGGAAAGGCTACACCTTC,CASSPIYTTGKGYTF,TRBV2,TRBD1,TRBJ1-2,12,,2.0,33
4,4.93644329260768e-05,TGTGCCAGCGAGGTCCTTGGAGGCGGGGATAGCAATCAGCCCCAGCATTTT,CASEVLGGGDSNQPQHF,TRBV25-1,TRBD2,TRBJ1-5,9,,2.0,28
4,4.93644329260768e-05,TGTGCCAGCTCACCAGGTCAATCGAAAGGCTACACCTTC,CASSPGQSKGYTF,TRBV18,,TRBJ1-2,15,,,27
4,4.93644329260768e-05,TGTGCCAGCTCTCGAGAGGTACAGGGGGCAGGGACGGACGAGCAGTACTTC,CASSREVQGAGTDEQYF,TRBV18,TRBD1,TRBJ2-7,11,,2.0,37
4,4.93644329260768e-05,TGTGCCAGTAGTACTCACAGGGGGCTTGCTTATGAAGCTTTCTTT,CASSTHRGLAYEAFF,TRBV19,TRBD1,TRBJ1-1,13,,2.0,32
4,4.93644329260768e-05,TGTGCCAGTAGTATCGGCTCCTATAATTCACCCCTCCACTTT,CASSIGSYNSPLHF,TRBV19,,TRBJ1-6,14,,,16
5,6.1705541157596e-05,TGCAGTGCCGGACGGGATAACACTGAAGCTTTCTTT,CSAGRDNTEAFF,TRBV20-1,"TRBD1, TRBD2",TRBJ1-1,8,,1.0,18
5,6.1705541157596e-05,TGCGCCAACAGCCAGAGGACAGGTTATCAGCCCCAGCATTTT,CANSQRTGYQPQHF,"TRBV4-3, TRBV4-1, TRBV4-2",TRBD1,TRBJ1-5,14,,2.0,25
5,6.1705541157596e-05,TGCGCCAGCAGCTTGGGGGAATCCTACGAGCAGTACTTC,CASSLGESYEQYF,TRBV5-1,,TRBJ2-7,16,,,21
5,6.1705541157596e-05,TGTGCCAGCAGCGTGGGTGGGACTGCTAGCTCCTACGAGCAGTACTTC,CASSVGGTASSYEQYF,TRBV9,TRBD2,TRBJ2-7,14,,2.0,27
5,6.1705541157596e-05,TGTGCCAGCAGTAGGGACAGGAGTGATTCACCCCTCCACTTT,CASSRDRSDSPLHF,"TRBV12-3, TRBV12-4",TRBD1,TRBJ1-6,12,,2.0,25
5,6.1705541157596e-05,TGTGCCAGCAGTTCAGGGGGCGTAGCCACAGGCTACACCTTC,CASSSGGVATGYTF,"TRBV5-6, TRBV5-5, TRBV5-7",TRBD1,TRBJ1-2,11,,2.0,30
5,6.1705541157596e-05,TGTGCCAGCGCTTGGGGGCAGGGCACCGGGGAGCTGTTTTTT,CASAWGQGTGELFF,"TRBV7-2, TRBV7-8",TRBD1,TRBJ2-2,9,,2.0,23
5,6.1705541157596e-05,TGTGCCAGCTCACCAACTAGCGGGTCCTCCTACGAGCAGTACTTC,CASSPTSGSSYEQYF,TRBV18,TRBD2,TRBJ2-7,15,,2.0,26
5,6.1705541157596e-05,TGTGCCAGTTCGACAGGGGCCCAAGAGACCCAGTACTTC,CASSTGAQETQYF,TRBV19,TRBD1,TRBJ2-5,9,,2.0,20
6,7.40466493891151e-05,TGCAGCGTTGAATCAGGGGCGCTCGTCAATGAGCAGTTCTTC,CSVESGALVNEQFF,TRBV29-1,TRBD1,TRBJ2-1,12,,2.0,26
6,7.40466493891151e-05,TGCGCCAGCAAGGGGCCCTCCTACGAGCAGTACTTC,CASKGPSYEQYF,TRBV5-1,"TRBD1, TRBD2",TRBJ2-7,10,,2.0,17
6,7.40466493891151e-05,TGTGCCAGCAGCTTGGCGGGCTATAATTCACCCCTCCACTTT,CASSLAGYNSPLHF,"TRBV5-6, TRBV5-5, TRBV5-7",,TRBJ1-6,17,,,20
6,7.40466493891151e-05,TGTGCCAGCAGTGGAGCCGGGACAGGGGTCGGGGAGCTGTTTTTT,CASSGAGTGVGELFF,"TRBV7-8, TRBV7-2",TRBD1,TRBJ2-2,11,,2.0,29
6,7.40466493891151e-05,TGTGCCAGCAGTTACGATGTCGAAAGGGGGAACACTGAAGCTTTCTTT,CASSYDVERGNTEAFF,"TRBV6-2, TRBV6-3, TRBV6-5, TRBV6-6",TRBD1,TRBJ1-1,15,,2.0,29
6,7.40466493891151e-05,TGTGCCAGCAGTTCAACAACGGGCGAGCAGTACTTC,CASSSTTGEQYF,"TRBV6-5, TRBV6-6, TRBV6-1, TRBV6-8, TRBV6-9",,TRBJ2-7,13,,,23
7,8.63877576206343e-05,TGCGCCAGCAGCCAAAACGAGGAAGTAGATGGCTACACCTTC,CASSQNEEVDGYTF,"TRBV4-1, TRBV4-3",,TRBJ1-2,15,,,28
7,8.63877576206343e-05,TGCGCCAGCAGCCTGGGCGGTACTGAAGCTTTCTTT,CASSLGGTEAFF,TRBV5-1,,TRBJ1-1,16,,,21
7,8.63877576206343e-05,TGCGCCAGCAGCTTGGGGGACTATGGCTACACCTTC,CASSLGDYGYTF,TRBV5-1,,TRBJ1-2,16,,,19
7,8.63877576206343e-05,TGTGCCAGCAAGGAACAGGGCCTGTGGGGCTACACCTTC,CASKEQGLWGYTF,TRBV2,"TRBD1, TRBD2",TRBJ1-2,10,,2.0,27
7,8.63877576206343e-05,TGTGCCAGCAGCGTAGATGTGTATGCACCCCTCCACTTT,CASSVDVYAPLHF,TRBV9,,TRBJ1-6,16,,,25
7,8.63877576206343e-05,TGTGCCAGCAGTCGGGACCCCTACGAGCAGTACTTC,CASSRDPYEQYF,"TRBV12-3, TRBV12-4","TRBD1, TRBD2",TRBJ2-7,12,,1.0,19
7,8.63877576206343e-05,TGTGCCAGCAGTTACCCAATGGTCTACCTCGACAGCACAGATACGCAGTATTTT,CASSYPMVYLDSTDTQYF,"TRBV6-5, TRBV6-6, TRBV6-1, TRBV6-3",,TRBJ2-3,15,,,33
7,8.63877576206343e-05,TGTGCCAGCAGTTACTCGATGTCGGACAGGGGATACAATGAGCAGTTCTTC,CASSYSMSDRGYNEQFF,"TRBV6-5, TRBV6-6, TRBV6-8, TRBV6-2, TRBV6-3",TRBD1,TRBJ2-1,19,,2.0,33
7,8.63877576206343e-05,TGTGCCAGCGGGTTGATCGGTGGGTGGGGGCCTTCATCCCTCCACTTT,CASGLIGGWGPSSLHF,TRBV27,TRBD1,TRBJ1-6,9,,2.0,32
7,8.63877576206343e-05,TGTGCCAGTACGACCTCTGGGGCCAACGTCCTGACTTTC,CASTTSGANVLTF,TRBV7-3,,TRBJ2-6,8,,,14
7,8.63877576206343e-05,TGTGCCAGTAGTATGTCGGCGGGGGGGAGCTCCTACGAGCAGTACTTC,CASSMSAGGSSYEQYF,TRBV19,"TRBD1, TRBD2",TRBJ2-7,14,,2.0,25
8,9.87288658521535e-05,TGTGCCAGCAGCAAAGACAGCTATACGCAGTATTTT,CASSKDSYTQYF,"TRBV5-5, TRBV5-6",TRBD1,TRBJ2-3,12,,1.0,22
8,9.87288658521535e-05,TGTGCCAGCAGCTTGGACAGGGGGAACTATGGCTACACCTTC,CASSLDRGNYGYTF,TRBV11-2,TRBD1,TRBJ1-2,14,,2.0,24
8,9.87288658521535e-05,TGTGCCAGCGGACGGGACATTCACACTGAAGCTTTCTTT,CASGRDIHTEAFF,"TRBV5-4, TRBV5-8","TRBD1, TRBD2",TRBJ1-1,9,,1.0,22
8,9.87288658521535e-05,TGTGCCAGTAGTATGGCTGGACAGAGGTCCTACGAGCAGTACTTC,CASSMAGQRSYEQYF,TRBV19,TRBD1,TRBJ2-7,14,,1.0,23
9,0.0001110699740836,TGCAGCGTTGAACCATATGGCTACACCTTC,CSVEPYGYTF,TRBV29-1,,TRBJ1-2,12,,,15
9,0.0001110699740836,TGTGCCAGCAGCATCCGGGGGGGAGGCTCACCCCTCCACTTT,CASSIRGGGSPLHF,TRBV9,TRBD2,TRBJ1-6,12,,3.0,27
9,0.0001110699740836,TGTGCCAGCAGCCAAGACAGGGGTTCCGCTGAAGCTTTCTTT,CASSQDRGSAEAFF,"TRBV4-2, TRBV4-3",TRBD1,TRBJ1-1,17,,2.0,28
9,0.0001110699740836,TGTGCCAGCAGCTCGGCCGGCACAGATACGCAGTATTTT,CASSSAGTDTQYF,"TRBV5-4, TRBV5-8",,TRBJ2-3,18,,,19
9,0.0001110699740836,TGTGCCAGCAGTGGGACAGGGAACAGTGCCGGGGAGCTGTTTTTT,CASSGTGNSAGELFF,TRBV28,TRBD1,TRBJ2-2,12,,2.0,28
10,0.0001234110823151,TGTGCCAGCAGTGTGGACAGGGGTCCCTACGAGCAGTACTTC,CASSVDRGPYEQYF,TRBV2,TRBD1,TRBJ2-7,13,,2.0,25
10,0.0001234110823151,TGTGCCAGCAGTTCATTGGCCTTGCGAAAGTCTGAAGCTTTCTTT,CASSSLALRKSEAFF,"TRBV6-5, TRBV6-6, TRBV6-1, TRBV6-8",,TRBJ1-1,13,,,31
10,0.0001234110823151,TGTGCCAGCAGTTTATCGGGTAGAATTACCTACAATGAGCAGTTCTTC,CASSLSGRITYNEQFF,TRBV27,,TRBJ2-1,18,,,28
10,0.0001234110823151,TGTGCCAGCAGTTTTGCGGGGAGCTCAGATACGCAGTATTTT,CASSFAGSSDTQYF,TRBV28,TRBD2,TRBJ2-3,14,,2.0,21
11,0.0001357521905467,TGTGCCAGCAGCCCGGACAGGACCGCGAACACCGGGGAGCTGTTTTTT,CASSPDRTANTGELFF,"TRBV7-2, TRBV7-8",TRBD1,TRBJ2-2,12,,2.0,23
11,0.0001357521905467,TGTGCCAGCAGTTACGGCTCGGGGGTTTACAATGAGCAGTTCTTC,CASSYGSGVYNEQFF,"TRBV6-5, TRBV6-6, TRBV6-1, TRBV6-3, TRBV6-8",TRBD1,TRBJ2-1,15,,2.0,27
11,0.0001357521905467,TGTGCCAGCAGTTTTGGACAGGGTCTTGTGGCCCAGCATTTT,CASSFGQGLVAQHF,"TRBV6-2, TRBV6-3, TRBV6-5, TRBV6-6, TRBV6-1",TRBD1,TRBJ1-5,13,,2.0,31
12,0.0001480932987782,TGTGCCAGTAGTCGACAGGGGGGTGAGTCCCAGCATTTT,CASSRQGGESQHF,TRBV19,TRBD1,TRBJ1-5,12,,2.0,28
13,0.0001604344070097,TGCAGTGCTAGAGATGATTTGACAGGATCTTTACATAGCAATCAGCCCCAGCATTTT,CSARDDLTGSLHSNQPQHF,TRBV20-1,TRBD1,TRBJ1-5,15,,2.0,34
14,0.0001727755152412,TGTGCCAGCAGGAGGACAAATTCGAACACTGAAGCTTTCTTT,CASRRTNSNTEAFF,"TRBV6-1, TRBV6-5, TRBV6-6, TRBV6-8, TRBV6-9",TRBD1,TRBJ1-1,11,,1.0,23
14,0.0001727755152412,TGTGCCAGTAGTGATAGCGGACGAGTCCTCTATGGCTACACCTTC,CASSDSGRVLYGYTF,TRBV19,TRBD2,TRBJ1-2,12,,2.0,29
15,0.0001851166234727,TGCGCCAGCAGTGACCCTTTGACAGCGAACTATGGCTACACCTTC,CASSDPLTANYGYTF,TRBV10-2,,TRBJ1-2,14,,,23
15,0.0001851166234727,TGTGCCAGCAGGAGGCAGGGGATGGAAGAGACCCAGTACTTC,CASRRQGMEETQYF,"TRBV6-1, TRBV6-5, TRBV6-6, TRBV6-8",TRBD1,TRBJ2-5,11,,2.0,25
15,0.0001851166234727,TGTGCCAGCAGTTTTGCCGCGAACTATGGCTACACCTTC,CASSFAANYGYTF,TRBV27,,TRBJ1-2,14,,,21
15,0.0001851166234727,TGTGCCAGTACGGACAGGGGCGAACTCTATGGCTACACCTTC,CASTDRGELYGYTF,TRBV19,TRBD1,TRBJ1-2,10,,2.0,26
15,0.0001851166234727,TGTGCCAGTAGTATAGGGTACCAAGGAGGCAATCAGCCCCAGCATTTT,CASSIGYQGGNQPQHF,TRBV19,,TRBJ1-5,16,,,28
16,0.0001974577317043,TGTGCCAGCAGCCTATCGAACACCGGGGAGCTGTTTTTT,CASSLSNTGELFF,TRBV7-3,,TRBJ2-2,12,,,16
18,0.0002221399481673,TGTGCCAGCAGTGGGTGGGTCTCCTACGAGCAGTACTTC,CASSGWVSYEQYF,TRBV2,,TRBJ2-7,13,,,20
19,0.0002344810563988,TGTGCCAGCAGCCCCGGGGGGAAGGGCTACACCTTC,CASSPGGKGYTF,"TRBV6-5, TRBV6-6, TRBV6-1, TRBV6-8, TRBV6-3","TRBD1, TRBD2",TRBJ1-2,11,1.0,5.0,24
20,0.0002468221646303,TGTGCCACCAGTGATTTCAGGGACATTCAGTACTTC,CATSDFRDIQYF,TRBV24-1,TRBD1,TRBJ2-4,17,,2.0,22
20,0.0002468221646303,TGTGCCAGCAGCCCGGGGACAGGGGATGAGCAGTTCTTC,CASSPGTGDEQFF,"TRBV5-5, TRBV5-6",TRBD1,TRBJ2-1,12,,2.0,25
20,0.0002468221646303,TGTGCCAGTAGTATAGCGGGCAGGGGAAGGGTTCTTGAAGAGACCCAGTACTTC,CASSIAGRGRVLEETQYF,TRBV19,TRBD1,TRBJ2-5,16,,2.0,37
21,0.0002591632728619,TGTGCCAGCAGCCAAGAGGGACAGGGGGACTATGGCTACACCTTC,CASSQEGQGDYGYTF,"TRBV4-2, TRBV4-3",TRBD1,TRBJ1-2,17,,2.0,28
22,0.0002715043810934,TGCGCCAGCAGTGAGAATTTAGGGGCTAGCGGGGGCTACGAGCAGTACTTC,CASSENLGASGGYEQYF,TRBV10-2,TRBD2,TRBJ2-7,15,,2.0,35
22,0.0002715043810934,TGTGCCAGCAGTTCCGGGACACGTATTGATGGGAGCACAGATACGCAGTATTTT,CASSSGTRIDGSTDTQYF,TRBV28,"TRBD1, TRBD2",TRBJ2-3,13,,1.0,33
23,0.0002838454893249,TGTGCCAGCAGCGTAGCAAGAGAAGAGACCCAGTACTTC,CASSVAREETQYF,TRBV9,,TRBJ2-5,17,,,22
26,0.0003208688140194,TGCAGCGTTGAAAGCTACACTGAAGCTTTCTTT,CSVESYTEAFF,TRBV29-1,,TRBJ1-1,12,,,16
27,0.000333209922251,TGCAGCGTGGTGGGGACGACAGGGGGCTACACTGAAGCTTTCTTT,CSVVGTTGGYTEAFF,TRBV29-1,TRBD1,TRBJ1-1,8,,2.0,28
27,0.000333209922251,TGCAGTGCTAGAGCCCTCGCGACTAGCGCCGGCACAGATACGCAGTATTTT,CSARALATSAGTDTQYF,TRBV20-1,TRBD2,TRBJ2-3,13,,2.0,31
27,0.000333209922251,TGCGCCAGCAGTCCATCTAGCGGGGGATCAACCTACGAGCAGTACTTC,CASSPSSGGSTYEQYF,"TRBV4-1, TRBV4-3",TRBD2,TRBJ2-7,11,,2.0,31
28,0.0003455510304825,TGCAGTGCTAGAGATCTCTCGGGGGCCGCCACAGATACGCAGTATTTT,CSARDLSGAATDTQYF,TRBV20-1,TRBD1,TRBJ2-3,19,,2.0,29
29,0.000357892138714,TGTGCCAGCAGCCCCGGAGGAGTTAAGACCTACGAGCAGTACTTC,CASSPGGVKTYEQYF,"TRBV5-4, TRBV5-8","TRBD1, TRBD2",TRBJ2-7,12,1.0,4.0,28
29,0.000357892138714,TGTGCCAGCAGGGGGCGGGGACTAGCGGCCAGCTCCTACGAGCAGTACTTC,CASRGRGLAASSYEQYF,"TRBV6-1, TRBV6-5, TRBV6-6, TRBV6-8, TRBV6-9",TRBD2,TRBJ2-7,11,,2.0,30
30,0.0003702332469455,TGCGCCAGCAGTGAGCCGACCCCCCAGCGGTGCTATGGCTACACCTTC,CASSEPTPQRCYGYTF,TRBV10-1,"TRBD1, TRBD2",TRBJ1-2,20,6.0,,32
30,0.0003702332469455,TGTGCCACCAGCAGGTGGGAGGGGACTGAAGCTTTCTTT,CATSRWEGTEAFF,TRBV15,TRBD2,TRBJ1-1,14,,3.0,24
30,0.0003702332469455,TGTGCCAGCAAACCAACCGGGACAGGGGCCTACGAGCAGTACTTC,CASKPTGTGAYEQYF,"TRBV6-2, TRBV6-3, TRBV6-1, TRBV6-5, TRBV6-6",TRBD1,TRBJ2-7,10,,2.0,28
31,0.000382574355177,TGCAGTGCTAGAGTTTCGGTGAACACTGAAGCTTTCTTT,CSARVSVNTEAFF,TRBV20-1,,TRBJ1-1,13,,,19
32,0.0003949154634086,TGCAGTGCTGGGACAGGGTACTTTGGCTACACCTTC,CSAGTGYFGYTF,TRBV20-1,TRBD1,TRBJ1-2,9,,2.0,19
32,0.0003949154634086,TGTGCCAGCAGACAGCAATATAATTCACCCCTCCACTTT,CASRQQYNSPLHF,"TRBV4-2, TRBV4-3",,TRBJ1-6,11,,,18
33,0.0004072565716401,TGCAGCGTTGCTTGGGCGGTTGGCTATGGCTACACCTTC,CSVAWAVGYGYTF,TRBV29-1,TRBD1,TRBJ1-2,10,,2.0,23
36,0.0004442798963346,TGTGCCAGCAGCGTAGACATGATCGAGACCCAGTACTTC,CASSVDMIETQYF,TRBV9,,TRBJ2-5,16,,,24
37,0.0004566210045662,TGTGCCAGCAGCCAAGATTACACGGACTATGGCTACACCTTC,CASSQDYTDYGYTF,"TRBV4-2, TRBV4-3",,TRBJ1-2,18,,,25
37,0.0004566210045662,TGTGCCAGCAGTGAGCAGGGGGGCTACGAGCAGTACTTC,CASSEQGGYEQYF,TRBV2,TRBD1,TRBJ2-7,14,,2.0,23
38,0.0004689621127977,TGCAGCGTTGAGGTCCCGACAGGGAACTATGGCTACACCTTC,CSVEVPTGNYGYTF,TRBV29-1,"TRBD1, TRBD2",TRBJ1-2,11,,2.0,24
38,0.0004689621127977,TGCAGTGCCCCTGTAGGGGGTAGCGATAGCACCGGGGAGCTGTTTTTT,CSAPVGGSDSTGELFF,TRBV20-1,TRBD1,TRBJ2-2,8,9.0,,29
40,0.0004936443292607,TGTGCCAGCAGCGGGATCCAAGAGACCCAGTACTTC,CASSGIQETQYF,TRBV5-5,,TRBJ2-5,12,,,17
41,0.0005059854374922,TGCGCCAGTGGGGGACAGGGGTATAATTCACCCCTCCACTTT,CASGGQGYNSPLHF,TRBV10-2,TRBD1,TRBJ1-6,8,,2.0,21
43,0.0005306676539553,TGTGCCAGCAGTCTGGGGGTGGCCGTTGAGCAGTTCTTC,CASSLGVAVEQFF,TRBV27,TRBD1,TRBJ2-1,12,,2.0,26
44,0.0005430087621868,TGTGCCAGCAGTGAACGGTCCGGGCTGTCTGCTTTCTTT,CASSERSGLSAFF,"TRBV6-1, TRBV6-5, TRBV6-6","TRBD1, TRBD2",TRBJ1-1,15,1.0,0.0,30
44,0.0005430087621868,TGTGCCAGTAGTATAGGCCCGACACAATACGAGCAGTACTTC,CASSIGPTQYEQYF,TRBV19,,TRBJ2-7,16,,,27
47,0.0005800320868814,TGTGCCAGCAGTAGACAGGGGGCGCGAGGTGAGCAGTTCTTC,CASSRQGARGEQFF,TRBV7-9,TRBD1,TRBJ2-1,11,,2.0,29
49,0.0006047143033444,TGCAGTGCTAGAGCGGACAGGGGGCAAGAGACCCAGTACTTC,CSARADRGQETQYF,TRBV20-1,TRBD1,TRBJ2-5,13,,2.0,24
52,0.0006417376280389,TGTGCCAGTAGTATAGATCGGGGTGGCTATGGCTACACCTTC,CASSIDRGGYGYTF,TRBV19,,TRBJ1-2,19,,,26
54,0.000666419844502,TGCGCCAGCAGCCAAGATCAAGGGGGGTACCAGCCCCAGCATTTT,CASSQDQGGYQPQHF,"TRBV4-1, TRBV4-3",TRBD1,TRBJ1-5,19,,2.0,30
56,0.000691102060965,TGCAGTGCTGGTGGACATGTGGGAGGGACCGGGGAGCTGTTTTTT,CSAGGHVGGTGELFF,TRBV20-1,TRBD2,TRBJ2-2,9,,3.0,27
61,0.0007528076021226,TGCGCCAGCCGGGGACAGGGGACCGAGCAGTACTTC,CASRGQGTEQYF,"TRBV4-3, TRBV4-2",TRBD1,TRBJ2-7,9,,2.0,23
61,0.0007528076021226,TGTGCCAGCAGCGTAGCCCGCCAAGAGACCCAGTACTTC,CASSVARQETQYF,TRBV9,,TRBJ2-5,17,,,20
64,0.0007898309268172,TGTGCCAGCAGCCTCGACGGATCCTACGAGCAGTACTTC,CASSLDGSYEQYF,TRBV11-2,,TRBJ2-7,12,,,21
66,0.0008145131432802,TGTGCCAGTAGGGGATCGGGTCTAGCCGGAGAGACCCAGTACTTC,CASRGSGLAGETQYF,TRBV19,TRBD2,TRBJ2-5,11,,2.0,29
67,0.0008268542515117,TGTGCCAGCAGCGTAGCCAGGGAAGAGACCCAGTACTTC,CASSVAREETQYF,TRBV9,TRBD1,TRBJ2-5,17,,2.0,22
67,0.0008268542515117,TGTGCCAGTCGGGACACTAAGAACACTGAAGCTTTCTTT,CASRDTKNTEAFF,"TRBV6-1, TRBV6-5, TRBV6-6, TRBV6-8","TRBD1, TRBD2",TRBJ1-1,8,,1.0,20
71,0.0008762186844378,TGCAGTGCTACGGACACCAACTCTGGAAACACCATATATTTT,CSATDTNSGNTIYF,TRBV20-1,TRBD1,TRBJ1-3,10,,1.0,20
72,0.0008885597926693,TGTGCCAGCAGCTTGGGGGGGAGCTCCTACGAGCAGTACTTC,CASSLGGSSYEQYF,"TRBV5-4, TRBV5-8",,TRBJ2-7,16,,,19
76,0.0009379242255954,TGTGCCAGCAGACGTGGACAGGGAGGTTCCCAGTACTTC,CASRRGQGGSQYF,TRBV2,TRBD1,TRBJ2-5,11,,2.0,28
77,0.0009502653338269,TGTGCCAGCAGTTACGGGAACACTGAAGCTTTCTTT,CASSYGNTEAFF,"TRBV6-5, TRBV6-6, TRBV6-1, TRBV6-3, TRBV6-8",,TRBJ1-1,15,,,17
79,0.00097494755029,TGTGCCAGTAGTACCGGGACAGGGGCCTACGAGCAGTACTTC,CASSTGTGAYEQYF,TRBV19,TRBD1,TRBJ2-7,13,,2.0,25
81,0.000999629766753,TGTGCCACCAGTCTAGGGACAAGCCTTGGCTACACCTTC,CATSLGTSLGYTF,TRBV24-1,"TRBD1, TRBD2",TRBJ1-2,12,,1.0,26
81,0.000999629766753,TGTGCCAGCAGCACCGCAGGGGCCCGTCACTACGAGCAGTACTTC,CASSTAGARHYEQYF,"TRBV5-4, TRBV5-8","TRBD1, TRBD2",TRBJ2-7,12,,2.0,29
82,0.0010119708749845,TGTGCCAGCAGCTTCCTCACAGATACGCAGTATTTT,CASSFLTDTQYF,"TRBV6-1, TRBV6-5, TRBV6-6, TRBV6-8, TRBV6-9",,TRBJ2-3,11,,,17
84,0.0010366530914476,TGTGCCAGCAGCAATCGGGACAGGGGCCAAGAGACCCAGTACTTC,CASSNRDRGQETQYF,"TRBV5-4, TRBV5-8",TRBD1,TRBJ2-5,12,,2.0,26
84,0.0010366530914476,TGTGCCAGCAGCTTAGAAACAGGGGTGAACTATGGCTACACCTTC,CASSLETGVNYGYTF,TRBV7-9,TRBD1,TRBJ1-2,16,,2.0,27
84,0.0010366530914476,TGTGCCAGCCCACCGGGGCAGGATTATCAGCCCCAGCATTTT,CASPPGQDYQPQHF,"TRBV6-2, TRBV6-3, TRBV6-1, TRBV6-5, TRBV6-6",TRBD1,TRBJ1-5,9,,2.0,25
86,0.0010613353079106,TGTGCCAGCAGTGACAGCAGGAGTCCCGAGCAGTACTTC,CASSDSRSPEQYF,TRBV25-1,TRBD2,TRBJ2-7,14,,1.0,26
89,0.0010983586326052,TGTGCCAGCAGCGGACAGGGAGAGACCCAGTACTTC,CASSGQGETQYF,TRBV9,TRBD1,TRBJ2-5,13,,2.0,20
90,0.0011106997408367,TGTGCCGGGCGGGGCAGGGTAGGAGAGACCCAGTACTTC,CAGRGRVGETQYF,TRBV2,TRBD1,TRBJ2-5,6,,2.0,23
91,0.0011230408490682,TGTGCCAGCAGTTTTGCGGATCAGGACGGCTACACCTTC,CASSFADQDGYTF,TRBV27,,TRBJ1-2,14,,,27
92,0.0011353819572997,TGTGCCAGCAGGATAGCGGGCGCGAACAATCAGCCCCAGCATTTT,CASRIAGANNQPQHF,"TRBV6-1, TRBV6-5, TRBV6-6, TRBV6-8","TRBD2, TRBD1",TRBJ1-5,11,,2.0,26
98,0.0012094286066888,TGCAGTGTTCCCTGCGGGGCAGCCATCGAAAGCAATGAGCAGTTCTTC,CSVPCGAAIESNEQFF,TRBV20-1,"TRBD1, TRBD2",TRBJ2-1,7,8.0,,32
98,0.0012094286066888,TGTGCCAGCAGTGAAATGAGTTGGTCGAATTCACCCCTCCACTTT,CASSEMSWSNSPLHF,"TRBV6-1, TRBV6-5, TRBV6-6",,TRBJ1-6,15,,,27
102,0.0012587930396149,TGCAGTGCCTCGACGGGGGGGGGGAGCACAGATACGCAGTATTTT,CSASTGGGSTDTQYF,TRBV20-1,TRBD1,TRBJ2-3,8,,2.0,24
102,0.0012587930396149,TGCAGTGCTAGAGATTTTTATGGGGGGGGCAATCAGCCCCAGCATTTT,CSARDFYGGGNQPQHF,TRBV20-1,TRBD1,TRBJ1-5,15,,2.0,28
105,0.0012958163643095,TGTGCCAGCAGCTATCCGGGACTAGCGGGGGGCTCGCGGGAGACCCAGTACTTC,CASSYPGLAGGSRETQYF,TRBV7-9,TRBD2,TRBJ2-5,13,,2.0,39
107,0.0013204985807725,TGTGCCATCAGTACCAAGGAAGGGTCTGAAGCTTTCTTT,CAISTKEGSEAFF,TRBV10-3,,TRBJ1-1,12,,,25
111,0.0013698630136986,TGCAGTGCTAGAAGACAGACGGTGTCGACTGAAGCTTTCTTT,CSARRQTVSTEAFF,TRBV20-1,TRBD1,TRBJ1-1,12,,1.0,27
112,0.0013822041219301,TGTGCCAGCAACGCACCGGGGGGACCCTACAATGAGCAGTTCTTC,CASNAPGGPYNEQFF,TRBV7-9,"TRBD1, TRBD2",TRBJ2-1,10,,1.0,25
112,0.0013822041219301,TGTGCCAGCAGCTTAGTAGGAGATAACTATGGCTACACCTTC,CASSLVGDNYGYTF,"TRBV7-2, TRBV7-8",,TRBJ1-2,16,,,23
114,0.0014068863383931,TGTGCCAGCACCCACAGGGCGGCGCATTCACCCCTCCACTTT,CASTHRAAHSPLHF,TRBV21-1,TRBD1,TRBJ1-6,10,,2.0,25
120,0.0014809329877823,TGTGCCAGCAGCCCCAGGACAACCGAAGCTTTCTTT,CASSPRTTEAFF,"TRBV7-2, TRBV7-8",TRBD1,TRBJ1-1,12,1.0,8.0,24
120,0.0014809329877823,TGTGCCAGCAGTGATCCGGGACAATGGACCCCCTACGAGCAGTACTTC,CASSDPGQWTPYEQYF,"TRBV6-1, TRBV6-5, TRBV6-6","TRBD1, TRBD2",TRBJ2-7,14,,1.0,31
122,0.0015056152042453,TGTGCCAGTACCGGGGGACATGGCTACACCTTC,CASTGGHGYTF,TRBV19,"TRBD1, TRBD2",TRBJ1-2,10,,1.0,19
124,0.0015302974207083,TGTGCCAGCAGCCGGACTAGCGGGGCCTACAATGAGCAGTTCTTC,CASSRTSGAYNEQFF,"TRBV6-5, TRBV6-1, TRBV6-6, TRBV6-8, TRBV6-3",TRBD2,TRBJ2-1,11,,2.0,25
126,0.0015549796371714,TGTGCCAGCAGACGGGACATGTACTATGGCTACACCTTC,CASRRDMYYGYTF,"TRBV6-2, TRBV6-3, TRBV6-1, TRBV6-5, TRBV6-6","TRBD1, TRBD2",TRBJ1-2,11,,1.0,22
127,0.0015673207454029,TGTGCCAGTAGTATAGGGGACGGCAGGGGGGTCGAGACCCAGTACTTC,CASSIGDGRGVETQYF,TRBV19,TRBD1,TRBJ2-5,16,,2.0,33
131,0.001616685178329,TGTGCCAGCAGTTACTCAACAGGGGCCTCCTACGAGCAGTACTTC,CASSYSTGASYEQYF,"TRBV6-2, TRBV6-3",TRBD1,TRBJ2-7,17,,2.0,26
137,0.0016907318277181,TGTGCCACCAGCATCAGTGGGGGGGCTGGCACAGATACGCAGTATTTT,CATSISGGAGTDTQYF,TRBV15,TRBD1,TRBJ2-3,13,,2.0,24
142,0.0017524373688757,TGTGCCAGCAGCCAAGATGGACAGGGGGCGAAGAAGTTCTTC,CASSQDGQGAKKFF,TRBV7-3,TRBD1,TRBJ2-1,12,,2.0,34
152,0.0018758484511909,TGCGCCAGCAGGAGACTAGACCAAGAGACCCAGTACTTC,CASRRLDQETQYF,TRBV10-2,TRBD2,TRBJ2-5,11,,2.0,19
154,0.0019005306676539,TGCAGCGCCCAAAGGGATACAAAGTTCTTC,CSAQRDTKFF,TRBV29-1,,TRBJ2-1,7,,,22
155,0.0019128717758854,TGTGCCATCAGTGTAGGGAGGGCTGAAGCTTTCTTT,CAISVGRAEAFF,TRBV10-3,TRBD2,TRBJ1-1,13,,3.0,22
158,0.00194989510058,TGTGCCACTACGCCCGGGGTTCGGCGGACTGAAGCTTTCTTT,CATTPGVRRTEAFF,TRBV28,"TRBD1, TRBD2",TRBJ1-1,7,1.0,5.0,27
176,0.0021720350487473,TGCGCCAGCAGTACTACAGGGGACTATGGCTACACCTTC,CASSTTGDYGYTF,TRBV10-2,TRBD1,TRBJ1-2,12,,2.0,22
181,0.0022337405899049,TGCAGTGCTTTACCCGGACCCAGCTCCTACAATGAGCAGTTCTTC,CSALPGPSSYNEQFF,TRBV20-1,"TRBD1, TRBD2",TRBJ2-1,9,1.0,4.0,21
185,0.002283105022831,TGTGCCAGCAGCGGAGGGGGTGAGACCCAGTACTTC,CASSGGGETQYF,TRBV9,TRBD1,TRBJ2-5,13,,2.0,21
188,0.0023201283475256,TGCAGTGCTAGCGCTACAGGGACCTTGGGAGGGAACACTGAAGCTTTCTTT,CSASATGTLGGNTEAFF,TRBV20-1,"TRBD1, TRBD2",TRBJ1-1,11,,2.0,32
196,0.0024188572133777,TGTGCCAGCAGTTTGGTCGGGGCTGCTAACTATGGCTACACCTTC,CASSLVGAANYGYTF,TRBV28,TRBD1,TRBJ1-2,14,,2.0,24
198,0.0024435394298408,TGTGCCAGCGGGTTGACCGGTGGGTGGGGGCCTTCACCCCTCCACTTT,CASGLTGGWGPSPLHF,TRBV27,TRBD1,TRBJ1-6,9,,2.0,32
205,0.0025299271874614,TGTGCCACCAGTGATGGGGACATCTATACGCAGTATTTT,CATSDGDIYTQYF,TRBV24-1,TRBD1,TRBJ2-3,15,,1.0,25
208,0.0025669505121559,TGTGCCAGCAGCCAAGGGGGGCCAGGGGAGACCCAGTACTTC,CASSQGGPGETQYF,TRBV7-9,TRBD1,TRBJ2-5,12,,2.0,27
212,0.002616314945082,TGTGCCAGCAGCCTTGGATACAATGAGCAGTTCTTC,CASSLGYNEQFF,TRBV7-9,,TRBJ2-1,12,,,18
214,0.0026409971615451,TGTGCCAGCAGAGACCCGGGACAGGGCAGCAATCAGCCCCAGCATTTT,CASRDPGQGSNQPQHF,TRBV28,TRBD1,TRBJ1-5,11,2.0,1.0,27
225,0.0027767493520918,TGTGCCAGCAGCTTTGTACAGGGGGTTAACACTGAAGCTTTCTTT,CASSFVQGVNTEAFF,"TRBV7-2, TRBV7-8",TRBD1,TRBJ1-1,14,,2.0,27
226,0.0027890904603233,TGTGCCAGCAGCCGCGGGGGCTCCTACAATGAGCAGTTCTTC,CASSRGGSYNEQFF,TRBV7-2,TRBD2,TRBJ2-1,12,,2.0,19
227,0.0028014315685548,TGTGCCATCAGTGCGGTGGGCCGAACTGAAGCTTTCTTT,CAISAVGRTEAFF,TRBV10-3,TRBD2,TRBJ1-1,13,,3.0,24
229,0.0028261137850178,TGTGCCAGCTTATGGTCCACTGAAGCTTTCTTT,CASLWSTEAFF,"TRBV6-1, TRBV6-5, TRBV6-6, TRBV6-8",,TRBJ1-1,9,,,17
248,0.0030605948414167,TGTGCCAGCAGAAAGAGGGCTGAAGCTTTCTTT,CASRKRAEAFF,"TRBV6-5, TRBV6-1, TRBV6-6, TRBV6-8, TRBV6-3",TRBD2,TRBJ1-1,11,,3.0,19
251,0.0030976181661113,TGTGCCAGCAGCTTAGGCGGGACAGGGAGCTATGAGCAGTTCTTC,CASSLGGTGSYEQFF,"TRBV7-8, TRBV7-2",TRBD1,TRBJ2-1,16,,2.0,31
256,0.0031593237072689,TGCAGTGCTCGATCCGACTGGGGACAGGACACAGATACGCAGTATTTT,CSARSDWGQDTDTQYF,TRBV20-1,TRBD1,TRBJ2-3,9,,2.0,29
290,0.0035789213871405,TGTGCCAGCCGGGACGGCTACACTGAAGCTTTCTTT,CASRDGYTEAFF,"TRBV6-5, TRBV6-6, TRBV6-1, TRBV6-8, TRBV6-9","TRBD1, TRBD2",TRBJ1-1,9,,1.0,19
292,0.0036036036036036,TGTGCCAGCAGCCCTGGACTAGCGGGGGGGCAGTTGCAGAAGCAGTACTTC,CASSPGLAGGQLQKQYF,TRBV7-3,TRBD2,TRBJ2-7,12,,3.0,40
303,0.0037393557941503,TGTGCCAGCACCCTAGGGGCCACAGATACGCAGTATTTT,CASTLGATDTQYF,"TRBV6-1, TRBV6-5, TRBV6-6, TRBV6-8",TRBD1,TRBJ2-3,10,,2.0,20
303,0.0037393557941503,TGTGCCAGCAGTTATGAAGGCTGGGGTGGCTACACCTTC,CASSYEGWGGYTF,"TRBV6-3, TRBV6-2, TRBV6-5, TRBV6-6",,TRBJ1-2,14,,,26
314,0.003875107984697,TGTGCCAGCAGCTTATTGGGGAACACTGAAGCTTTCTTT,CASSLLGNTEAFF,TRBV7-9,,TRBJ1-1,15,,,20
317,0.0039121313093915,TGTGCCAGCAGTTTAGGGACAGGGGTAAGGTACGAGCAGTACTTC,CASSLGTGVRYEQYF,TRBV28,TRBD1,TRBJ2-7,15,,2.0,30
338,0.0041712945822534,TGTGCCAGCAGCCAGGAGGATAGATCACTCCATAATTCACCCCTCCACTTT,CASSQEDRSLHNSPLHF,"TRBV7-2, TRBV7-8",TRBD2,TRBJ1-6,12,,3.0,31
346,0.0042700234481056,TGTGCCAGCAGCCGGACCGGGAACTATGGCTACACCTTC,CASSRTGNYGYTF,TRBV27,"TRBD1, TRBD2",TRBJ1-2,11,,1.0,21
354,0.0043687523139577,TGCAGTGCTAGAGATCGGGTGGTTTACACTGAAGCTTTCTTT,CSARDRVVYTEAFF,TRBV20-1,,TRBJ1-1,16,,,25
370,0.0045662100456621,TGTGCCAGCAGTTACCCGGGGGGGCGCGGGCAGCCCCAGCATTTT,CASSYPGGRGQPQHF,"TRBV6-5, TRBV6-6, TRBV6-1, TRBV6-3",TRBD1,TRBJ1-5,15,,2.0,30
372,0.0045908922621251,TGTGCCAGCAGTCGACCAGACAGGGGCCAAGAGACCCAGTACTTC,CASSRPDRGQETQYF,"TRBV6-3, TRBV6-2, TRBV6-5, TRBV6-6, TRBV6-1",TRBD1,TRBJ2-5,12,,2.0,26
373,0.0046032333703566,TGTGCCAGCGGTAATAGTGGGGCCAACGTCCTGACTTTC,CASGNSGANVLTF,"TRBV7-2, TRBV7-8",,TRBJ2-6,9,,,17
378,0.0046649389115142,TGCAGTGCCCATCAACAGGGGCGAAACACTGAAGCTTTCTTT,CSAHQQGRNTEAFF,TRBV20-1,TRBD1,TRBJ1-1,8,,2.0,24
382,0.0047143033444403,TGTGCCACCAGCAGAGATCAGGGGCCAAGCTCCTACAATGAGCAGTTCTTC,CATSRDQGPSSYNEQFF,TRBV15,"TRBD1, TRBD2",TRBJ2-1,19,,2.0,27
388,0.0047883499938294,TGTGCCAGCAGCTTAGGGACAGGGGATACTGAAGCTTTCTTT,CASSLGTGDTEAFF,TRBV7-6,TRBD1,TRBJ1-1,16,,2.0,27
406,0.0050104899419967,TGTGCCAGCAGTTCCCCGGGGACCTATGGCTACACCTTC,CASSSPGTYGYTF,TRBV27,"TRBD1, TRBD2",TRBJ1-2,13,1.0,5.0,23
407,0.0050228310502283,TGTGCCAGCAGTTACGGGACTATTCCCGGGGAGACCCAGTACTTC,CASSYGTIPGETQYF,"TRBV6-2, TRBV6-3, TRBV6-5, TRBV6-6","TRBD2, TRBD1",TRBJ2-5,15,1.0,9.0,30
414,0.0051092188078489,TGTGCCAGCAGCTTAGTCCCGGGATCTGACTCACCCCTCCACTTT,CASSLVPGSDSPLHF,"TRBV7-2, TRBV7-8","TRBD1, TRBD2",TRBJ1-6,16,1.0,6.0,30
438,0.0054054054054054,TGCAGTGCCTCCCGATTCACAGTGGGAGACACTGAAGCTTTCTTT,CSASRFTVGDTEAFF,TRBV20-1,TRBD2,TRBJ1-1,8,8.0,,28
447,0.005516475379489,TGCAGTGCGGTAGGACTAGCGGGGGGGCAGGACAATGAGCAGTTCTTC,CSAVGLAGGQDNEQFF,TRBV20-1,TRBD2,TRBJ2-1,8,,3.0,31
448,0.0055288164877206,TGTGCCACCAGTGACCGGGGCTACACTGAAGCTTTCTTT,CATSDRGYTEAFF,TRBV24-1,"TRBD1, TRBD2",TRBJ1-1,14,,1.0,22
464,0.0057262742194249,TGTGCCAGCAGCCCCACCCCGGCGGGCCCGACCGGCTACGAGCAGTACTTC,CASSPTPAGPTGYEQYF,"TRBV7-2, TRBV7-8",TRBD2,TRBJ2-7,12,,3.0,35
464,0.0057262742194249,TGTGCCAGCAGCCCTGGGGGAGAGACCCAGTACTTC,CASSPGGETQYF,"TRBV5-4, TRBV5-8",TRBD1,TRBJ2-5,12,,2.0,20
484,0.0059730963840552,TGTGCCAGTAGTATGGAGCCTCTGGGGGGGGAGACCCAGTACTTC,CASSMEPLGGETQYF,TRBV19,TRBD1,TRBJ2-5,14,,2.0,30
501,0.0061828952239911,TGTGCCAGCAGTTTATCGAGACGCCACGAGCAGTACTTC,CASSLSRRHEQYF,TRBV27,,TRBJ2-7,19,,,25
510,0.0062939651980747,TGTGCCAGCAGCTTAGCGCCGGGACCTGCACATTCACCCCTCCACTTT,CASSLAPGPAHSPLHF,"TRBV7-9, TRBV7-6","TRBD1, TRBD2",TRBJ1-6,19,,1.0,31
537,0.0066271751203258,TGTGCCACCAGCAGAGATCACGGCGGGGCCTTAAGGAGAGAGACCCAGTACTTC,CATSRDHGGALRRETQYF,TRBV15,"TRBD1, TRBD2",TRBJ2-5,19,,2.0,38
538,0.0066395162285573,TGTGCCAGCAGTTCCTTGGGGACAGGTTCCTACGAGCAGTACTTC,CASSSLGTGSYEQYF,"TRBV6-5, TRBV6-6, TRBV6-1, TRBV6-8, TRBV6-3",TRBD1,TRBJ2-7,13,,2.0,27
545,0.0067259039861779,TGTGCCAGCAGTTACCGTAGCGGGACGGACGAGCAGTACTTC,CASSYRSGTDEQYF,TRBV27,TRBD2,TRBJ2-7,13,,2.0,28
563,0.0069480439343453,TGTGCCATCAGCCACACCGGGACTAGCGGGGGGGCGGGGGAGCAGTACTTC,CAISHTGTSGGAGEQYF,TRBV10-3,TRBD2,TRBJ2-7,11,,3.0,39
579,0.0071455016660496,TGTGCCAGCATTACTGGACAGGGGACGCCTCGGGAGACCCAGTACTTC,CASITGQGTPRETQYF,"TRBV6-5, TRBV6-6, TRBV6-1, TRBV6-3, TRBV6-8",TRBD1,TRBJ2-5,15,,2.0,33
616,0.0076021226706158,TGTGCCACCACACAGGGACAGGGAGGCTATGGCTACACCTTC,CATTQGQGGYGYTF,"TRBV6-5, TRBV6-6, TRBV6-1, TRBV6-8",TRBD1,TRBJ1-2,7,,2.0,26
643,0.0079353325928668,TGTGCCAGCAGCAGAGGACAGGGGGCGGGGGAGACCCAGTACTTC,CASSRGQGAGETQYF,"TRBV5-8, TRBV5-4",TRBD1,TRBJ2-5,12,,2.0,30
722,0.0089102801431568,TGTGCCCTCGGGACAGGGGATAGCAATCAGCCCCAGCATTTT,CALGTGDSNQPQHF,TRBV10-3,TRBD1,TRBJ1-5,6,,2.0,19
763,0.0094162655806491,TGTGCCAGCAGACAGGGAGAGACCCAGTACTTC,CASRQGETQYF,"TRBV5-4, TRBV5-8",TRBD1,TRBJ2-5,11,,2.0,17
767,0.0094656300135752,TGTGCCAGCAGGCCGACGACAGGGGAGAGTGGCTACACCTTC,CASRPTTGESGYTF,TRBV27,TRBD1,TRBJ1-2,11,,2.0,29
848,0.0104652597803283,TGTGCCAGCAGATCCAGGGACAGCTACACTGAAGCTTTCTTT,CASRSRDSYTEAFF,"TRBV6-5, TRBV6-1, TRBV6-6, TRBV6-8",TRBD1,TRBJ1-1,11,1.0,9.0,25
866,0.0106873997284956,TGTGCCAGCAGGGACAGTCTCATATCCGAAGCTTTCTTT,CASRDSLISEAFF,TRBV7-9,TRBD1,TRBJ1-1,11,,1.0,27
913,0.011267431815377,TGTGCCAGCAGTCTGGGACAGGGGACTTCACCCCTCCACTTT,CASSLGQGTSPLHF,TRBV6-4,TRBD1,TRBJ1-6,12,,2.0,26
947,0.0116870294952487,TGCAGTGCTCCCCGGCAGGGGGCCTACGAGCAGTACTTC,CSAPRQGAYEQYF,TRBV20-1,TRBD1,TRBJ2-7,9,,2.0,22
971,0.0119832160928051,TGTGCCAGCAGCCCTCGGACAGGGGTCTACGAGCAGTACTTC,CASSPRTGVYEQYF,"TRBV7-8, TRBV7-2",TRBD1,TRBJ2-7,12,,2.0,26
987,0.0121806738245094,TGTGCCAGCAGTTATATGGGTGAAGCTTTCTTT,CASSYMGEAFF,"TRBV6-5, TRBV6-6, TRBV6-1, TRBV6-8",,TRBJ1-1,14,,,20
989,0.0122053560409725,TGTGCCAGCAGTCCGGGACAGGCTTACGAGCAGTACTTC,CASSPGQAYEQYF,"TRBV6-5, TRBV6-6, TRBV6-1, TRBV6-9, TRBV6-8",TRBD1,TRBJ2-7,12,,2.0,24
1043,0.0128717758854745,TGTGCCAGCAGTTACTCGAGGTCAGAAGAGACCCAGTACTTC,CASSYSRSEETQYF,"TRBV6-5, TRBV6-6, TRBV6-3, TRBV6-2, TRBV6-8",,TRBJ2-5,20,,,25
1046,0.0129087992101691,TGTGCCAGCAGCTCCCCGGAAGAGCAGTACTTC,CASSSPEEQYF,TRBV7-9,"TRBD1, TRBD2",TRBJ2-7,13,1.0,4.0,21
1101,0.0135875601629026,TGCAGTGCAAACCTTCGGGGGGGCCAAGAGACCCAGTACTTC,CSANLRGGQETQYF,TRBV20-1,TRBD1,TRBJ2-5,8,,2.0,23
1123,0.0138590645439961,TGTGCCAGCAAACAGGGGAGTTCACCCCTCCACTTT,CASKQGSSPLHF,TRBV27,TRBD1,TRBJ1-6,10,,2.0,20
1129,0.0139331111933852,TGCAGTGCAGGACTAGCGGGGGACCTCTCCTACGAGCAGTACTTC,CSAGLAGDLSYEQYF,TRBV20-1,TRBD2,TRBJ2-7,8,,2.0,26
1143,0.0141058867086264,TGTGCCAGCAGCATACAGGGGGATCAGCCCCAGCATTTT,CASSIQGDQPQHF,TRBV7-9,TRBD1,TRBJ1-5,12,,2.0,22
1167,0.0144020733061829,TGCAGTGCTAGAGATCACGGGGGTAGCTATGGCTACACCTTC,CSARDHGGSYGYTF,TRBV20-1,TRBD1,TRBJ1-2,16,,2.0,26
1181,0.0145748488214242,TGTGCCAGCAGCTCGCTACTTACCAATTCACCCCTCCACTTT,CASSSLLTNSPLHF,TRBV7-9,TRBD2,TRBJ1-6,13,1.0,1.0,24
1218,0.0150314698259904,TGTGCCAGCAGGGGGACAGCTATCAATCAGCCCCAGCATTTT,CASRGTAINQPQHF,TRBV27,TRBD1,TRBJ1-5,11,,1.0,23
1304,0.016092805133901,TGTGCCACCAGTGACTCCAATCAGCCCCAGCATTTT,CATSDSNQPQHF,TRBV24-1,,TRBJ1-5,14,,,17
1341,0.0165494261384672,TGCAGTGCTAGGGACTGGACAGGGCCCGAGCAGTACTTC,CSARDWTGPEQYF,TRBV20-1,TRBD1,TRBJ2-7,11,,2.0,26
1425,0.0175860792299148,TGCAGGGCTGGACAGGGCACTGAAGCTTTCTTT,CRAGQGTEAFF,TRBV20-1,TRBD1,TRBJ1-1,9,,2.0,17
1538,0.0189806244600765,TGTGCCATCACGGACAGACAAGAGACCCAGTACTTC,CAITDRQETQYF,TRBV10-3,TRBD1,TRBJ2-5,10,,1.0,18
1645,0.0203011230408491,TGCAGTGCTAGTGGACAGGGCTTCAATCAGCCACAGCATTTT,CSASGQGFNQPQHF,TRBV20-1,TRBD1,TRBJ1-5,11,,2.0,23
2123,0.0262001727755152,TGTGCCAGCTCCCCCGCCCAGGGGGCCTTAGAGACCCAGTACTTC,CASSPAQGALETQYF,TRBV27,TRBD1,TRBJ2-5,9,,2.0,29
2215,0.027335554732815,TGTGCCAGCAGCCAACAGCCGGGACGGCAAGAGACCCAGTACTTC,CASSQQPGRQETQYF,"TRBV7-2, TRBV7-8","TRBD1, TRBD2",TRBJ2-5,12,,1.0,27
2407,0.0297050475132667,TGTGCCAGCAGTGAAGGCGGGACAGGGGGCCAAGAGACCCAGTACTTC,CASSEGGTGGQETQYF,"TRBV6-1, TRBV6-5, TRBV6-6",TRBD1,TRBJ2-5,16,,2.0,29
2482,0.0306306306306306,TGTGCCAGCAGTGTTTCGGGACAGGGCGTGACCCAGTACTTC,CASSVSGQGVTQYF,"TRBV6-1, TRBV6-5, TRBV6-6",TRBD1,TRBJ2-5,13,,2.0,29
2730,0.0336912254720474,TGTGCCAGCATGAGCGGGTACGAGCAGTACTTC,CASMSGYEQYF,"TRBV6-5, TRBV6-6, TRBV6-1, TRBV6-8, TRBV6-9",TRBD2,TRBJ2-7,10,,2.0,18
3368,0.0415648525237566,TGTGCCACCAGCCGCTATGCGAATTCACCCCTCCACTTT,CATSRYANSPLHF,TRBV15,TRBD2,TRBJ1-6,12,1.0,1.0,21
3414,0.0421325435024065,TGCAGTGCTCCTAGGACTAGCGGGGGTGAGGAGACCCAGTACTTC,CSAPRTSGGEETQYF,TRBV20-1,TRBD2,TRBJ2-5,9,,2.0,30
3558,0.0439096630877453,TGCAGTGCGCCGCCCCTGAGCAATCAGCCCCAGCATTTT,CSAPPLSNQPQHF,TRBV20-1,TRBD1,TRBJ1-5,8,8.0,,18
4116,0.050796001480933,TGCAGTGCTAGGGCGACAGGGGGCCTTTCACCCCTCCACTTT,CSARATGGLSPLHF,TRBV20-1,TRBD1,TRBJ1-6,11,,2.0,26
4269,0.0526841910403554,TGCAGTGCTATTTCCACCGGGGAGACCCAGTACTTC,CSAISTGETQYF,TRBV20-1,"TRBD1, TRBD2",TRBJ2-5,10,,1.0,21
